Workbook

Sheet Test Cases
A1: Test Case ID | B1: Module | C1: Sub Feature | D1: Scenario Type | E1: Priority | F1: Severity | G1: Tags | H1: Title | I1: Preconditions | J1: Test Data | K1: Steps | L1: Expected Result | M1: Execution Status | N1: Actual Result | O1: Defect ID | P1: Automation Candidate | Q1: Automation Priority | R1: Notes
A2: SD-UI-TC-001 | B2: Login | C2: Authentication | D2: Positive | E2: Critical | F2: High | G2: @smoke @regression @login | H2: Valid standard user can log in successfully | I2: 1. Navigate to https://www.saucedemo.com/ 2. Browser session is clean or app state has been reset 3. Use documented SauceDemo test credentials | J2: Username: standard_user Password: secret_sauce | K2: 1. Enter standard_user in Username 2. Enter secret_sauce in Password 3. Click Login | L2: 1. User is redirected to /inventory.html 2. Products page title is displayed 3. Product cards are visible | M2: Pass | N2: Passed in Playwright regression run: 84/84 automated tests passed. | P2: Yes | Q2: High | R2: Automated in Playwright JavaScript using Page Object Model.
A3: SD-UI-TC-002 | B3: Login | C3: Authentication | D3: Negative | E3: Critical | F3: High | G3: @sanity @regression @login @negative | H3: Locked out user cannot log in | I3: 1. Navigate to https://www.saucedemo.com/ 2. Browser session is clean or app state has been reset 3. Use documented SauceDemo test credentials | J3: Username: locked_out_user Password: secret_sauce | K3: 1. Enter locked_out_user 2. Enter secret_sauce 3. Click Login | L3: 1. Login fails 2. Error banner displays: Epic sadface: Sorry, this user has been locked out. 3. User remains on login page | M3: Pass | N3: Passed in Playwright regression run: 84/84 automated tests passed. | P3: Yes | Q3: High | R3: Automated in Playwright JavaScript using Page Object Model.
A4: SD-UI-TC-003 | B4: Login | C4: Validation | D4: Negative | E4: High | F4: Medium | G4: @sanity @regression @login @negative | H4: Login requires username when both fields are empty | I4: 1. Navigate to https://www.saucedemo.com/ 2. Browser session is clean or app state has been reset 3. Use documented SauceDemo test credentials | J4: Username: blank Password: blank | K4: 1. Leave Username empty 2. Leave Password empty 3. Click Login | L4: 1. Error banner displays: Epic sadface: Username is required 2. User remains on login page | M4: Pass | N4: Passed in Playwright regression run: 84/84 automated tests passed. | P4: Yes | Q4: High | R4: Automated in Playwright JavaScript using Page Object Model.
A5: SD-UI-TC-004 | B5: Login | C5: Validation | D5: Negative | E5: High | F5: Medium | G5: @sanity @regression @login @negative | H5: Login requires password when password is empty | I5: 1. Navigate to https://www.saucedemo.com/ 2. Browser session is clean or app state has been reset 3. Use documented SauceDemo test credentials | J5: Username: standard_user Password: blank | K5: 1. Enter standard_user 2. Leave Password empty 3. Click Login | L5: 1. Error banner displays required-password error or equivalent validation 2. User remains on login page | M5: Pass | N5: Passed in Playwright regression run: 84/84 automated tests passed. | P5: Yes | Q5: High | R5: Automated in Playwright JavaScript using Page Object Model.
A6: SD-UI-TC-005 | B6: Login | C6: Validation | D6: Negative | E6: High | F6: Medium | G6: @regression @login @negative | H6: Invalid username and valid password are rejected | I6: 1. Navigate to https://www.saucedemo.com/ 2. Browser session is clean or app state has been reset 3. Use documented SauceDemo test credentials | J6: Username: invalid_user Password: secret_sauce | K6: 1. Enter invalid_user 2. Enter secret_sauce 3. Click Login | L6: 1. Login fails 2. Error banner displays username/password mismatch message | M6: Pass | N6: Passed in Playwright regression run: 84/84 automated tests passed. | P6: Yes | Q6: Medium | R6: Automated in Playwright JavaScript using Page Object Model.
A7: SD-UI-TC-006 | B7: Login | C7: Validation | D7: Negative | E7: High | F7: Medium | G7: @regression @login @negative | H7: Valid username and invalid password are rejected | I7: 1. Navigate to https://www.saucedemo.com/ 2. Browser session is clean or app state has been reset 3. Use documented SauceDemo test credentials | J7: Username: standard_user Password: wrong_password | K7: 1. Enter standard_user 2. Enter wrong_password 3. Click Login | L7: 1. Login fails 2. Error banner displays username/password mismatch message | M7: Pass | N7: Passed in Playwright regression run: 84/84 automated tests passed. | P7: Yes | Q7: Medium | R7: Automated in Playwright JavaScript using Page Object Model.
A8: SD-UI-TC-007 | B8: Login | C8: Validation | D8: Edge Case | E8: Medium | F8: Low | G8: @regression @login @edge | H8: Username with leading and trailing spaces is rejected | I8: 1. Navigate to https://www.saucedemo.com/ 2. Browser session is clean or app state has been reset 3. Use documented SauceDemo test credentials | J8: Username: standard_user Password: secret_sauce | K8: 1. Enter username with leading and trailing spaces 2. Enter secret_sauce 3. Click Login | L8: 1. Login result follows application behavior consistently 2. If rejected, mismatch error is displayed | M8: Untested | P8: Later | Q8: Low
A9: SD-UI-TC-008 | B9: Login | C9: Validation | D9: Edge Case | E9: Medium | F9: Low | G9: @regression @login @edge | H9: Password value is case sensitive | I9: 1. Navigate to https://www.saucedemo.com/ 2. Browser session is clean or app state has been reset 3. Use documented SauceDemo test credentials | J9: Username: standard_user Password: Secret_Sauce | K9: 1. Enter standard_user 2. Enter Secret_Sauce 3. Click Login | L9: 1. Login fails 2. Mismatch error is displayed | M9: Pass | N9: Passed in Playwright regression run: 84/84 automated tests passed. | P9: Yes | Q9: Low | R9: Automated in Playwright JavaScript using Page Object Model.
A10: SD-UI-TC-009 | B10: Login | C10: UI | D10: UI Validation | E10: Medium | F10: Low | G10: @regression @login @ui | H10: Login page displays accepted username and password hints | I10: 1. Navigate to https://www.saucedemo.com/ 2. Browser session is clean or app state has been reset 3. Use documented SauceDemo test credentials | J10: N/A | K10: 1. Open login page 2. Review accepted usernames section 3. Review password hint section | L10: 1. All documented usernames are displayed 2. Password hint displays secret_sauce | M10: Untested | P10: No | Q10: N/A
A11: SD-UI-TC-010 | B11: Login | C11: UI | D11: UI Validation | E11: Medium | F11: Low | G11: @regression @login @ui | H11: Login fields and button are visible and enabled | I11: 1. Navigate to https://www.saucedemo.com/ 2. Browser session is clean or app state has been reset 3. Use documented SauceDemo test credentials | J11: N/A | K11: 1. Open login page 2. Inspect Username field 3. Inspect Password field 4. Inspect Login button | L11: 1. Username field is visible 2. Password field is visible 3. Login button is visible and enabled | M11: Pass | N11: Passed in Playwright regression run: 84/84 automated tests passed. | P11: Yes | Q11: Low | R11: Automated in Playwright JavaScript using Page Object Model.
A12: SD-UI-TC-011 | B12: Login | C12: Session | D12: Positive | E12: High | F12: Medium | G12: @sanity @regression @login | H12: Authenticated user cannot stay on login page after successful login | I12: 1. Navigate to https://www.saucedemo.com/ 2. Browser session is clean or app state has been reset 3. Use documented SauceDemo test credentials | J12: Username: standard_user Password: secret_sauce | K12: 1. Log in as standard_user 2. Confirm inventory page is shown 3. Navigate browser back if applicable | L12: 1. Application maintains a consistent authenticated state 2. Protected page access remains valid while session is active | M12: Untested | P12: Later | Q12: Medium
A13: SD-UI-TC-012 | B13: Login | C13: Session | D13: Edge Case | E13: Medium | F13: Low | G13: @regression @login @edge | H13: Refresh login page does not prefill sensitive password data | I13: 1. Navigate to https://www.saucedemo.com/ 2. Browser session is clean or app state has been reset 3. Use documented SauceDemo test credentials | J13: N/A | K13: 1. Open login page 2. Enter credentials 3. Refresh before clicking Login | L13: 1. Password field is not unexpectedly persisted 2. Page remains usable after refresh | M13: Untested | P13: No | Q13: N/A
A14: SD-UI-TC-013 | B14: Login | C14: Authentication | D14: Positive | E14: High | F14: Medium | G14: @regression @login @user | H14: problem_user can authenticate | I14: 1. Navigate to https://www.saucedemo.com/ 2. Browser session is clean or app state has been reset 3. Use documented SauceDemo test credentials | J14: Username: problem_user Password: secret_sauce | K14: 1. Enter problem_user 2. Enter secret_sauce 3. Click Login | L14: 1. User reaches inventory page 2. Products page loads with known problem_user behavior | M14: Pass | N14: Passed in Playwright regression run: 84/84 automated tests passed. | P14: Yes | Q14: Medium | R14: Automated in Playwright JavaScript using Page Object Model.
A15: SD-UI-TC-014 | B15: Login | C15: Authentication | D15: Positive | E15: High | F15: Medium | G15: @regression @login @performance | H15: performance_glitch_user can authenticate with delayed response | I15: 1. Navigate to https://www.saucedemo.com/ 2. Browser session is clean or app state has been reset 3. Use documented SauceDemo test credentials | J15: Username: performance_glitch_user Password: secret_sauce | K15: 1. Enter performance_glitch_user 2. Enter secret_sauce 3. Click Login 4. Wait for inventory page | L15: 1. User reaches inventory page after intentional delay 2. Test documents observed delay | M15: Pass | N15: Passed in Playwright regression run: 84/84 automated tests passed. | P15: Yes | Q15: Medium | R15: Automated in Playwright JavaScript using Page Object Model.
A16: SD-UI-TC-015 | B16: Login | C16: Authentication | D16: Positive | E16: Medium | F16: Medium | G16: @regression @login @user | H16: error_user can authenticate | I16: 1. Navigate to https://www.saucedemo.com/ 2. Browser session is clean or app state has been reset 3. Use documented SauceDemo test credentials | J16: Username: error_user Password: secret_sauce | K16: 1. Enter error_user 2. Enter secret_sauce 3. Click Login | L16: 1. User reaches inventory page 2. Known error-user behavior can be tested | M16: Untested | P16: Later | Q16: Medium
A17: SD-UI-TC-016 | B17: Login | C17: Authentication | D17: Positive | E17: Medium | F17: Medium | G17: @regression @login @visual | H17: visual_user can authenticate | I17: 1. Navigate to https://www.saucedemo.com/ 2. Browser session is clean or app state has been reset 3. Use documented SauceDemo test credentials | J17: Username: visual_user Password: secret_sauce | K17: 1. Enter visual_user 2. Enter secret_sauce 3. Click Login | L17: 1. User reaches inventory page 2. Known visual differences are observable | M17: Untested | P17: Later | Q17: Low
A18: SD-UI-TC-017 | B18: Inventory / Product Listing | C18: Page Load | D18: Positive | E18: Critical | F18: High | G18: @smoke @regression @inventory | H18: Inventory page loads after login | I18: 1. User is logged in as standard_user 2. Cart state is empty before starting 3. User is on the expected starting page | J18: Username: standard_user Password: secret_sauce | K18: 1. Log in as standard_user 2. Observe inventory page | L18: 1. URL is /inventory.html 2. Products title is displayed 3. Product grid is visible | M18: Pass | N18: Passed in Playwright regression run: 84/84 automated tests passed. | P18: Yes | Q18: High | R18: Automated in Playwright JavaScript using Page Object Model.
A19: SD-UI-TC-018 | B19: Inventory / Product Listing | C19: Product Grid | D19: Positive | E19: High | F19: High | G19: @smoke @regression @inventory | H19: All six products are displayed | I19: 1. User is logged in as standard_user 2. Cart state is empty before starting 3. User is on the expected starting page | J19: Expected product count: 6 | K19: 1. Open inventory page 2. Count product cards | L19: 1. Exactly six product cards are displayed 2. Each card has name, image, description, price, and add button | M19: Pass | N19: Passed in Playwright regression run: 84/84 automated tests passed. | P19: Yes | Q19: High | R19: Automated in Playwright JavaScript using Page Object Model.
A20: SD-UI-TC-019 | B20: Inventory / Product Listing | C20: Product Data | D20: Positive | E20: High | F20: Medium | G20: @regression @inventory @catalog | H20: Inventory product names match catalog | I20: 1. User is logged in as standard_user 2. Cart state is empty before starting 3. User is on the expected starting page | J20: Six documented SauceDemo product names | K20: 1. Open inventory page 2. Compare product names with catalog | L20: 1. All six expected product names are present 2. No unexpected product names are shown | M20: Pass | N20: Passed in Playwright regression run: 84/84 automated tests passed. | P20: Yes | Q20: Medium | R20: Automated in Playwright JavaScript using Page Object Model.
A21: SD-UI-TC-020 | B21: Inventory / Product Listing | C21: Product Data | D21: Positive | E21: High | F21: Medium | G21: @regression @inventory @catalog | H21: Inventory product prices match catalog | I21: 1. User is logged in as standard_user 2. Cart state is empty before starting 3. User is on the expected starting page | J21: Expected prices: 29.99, 9.99, 15.99, 49.99, 7.99, 15.99 | K21: 1. Open inventory page 2. Compare displayed prices with catalog | L21: 1. Every product price matches documented value 2. Prices display USD currency format | M21: Pass | N21: Passed in Playwright regression run: 84/84 automated tests passed. | P21: Yes | Q21: Medium | R21: Automated in Playwright JavaScript using Page Object Model.
A22: SD-UI-TC-021 | B22: Inventory / Product Listing | C22: Product Card | D22: UI Validation | E22: Medium | F22: Low | G22: @regression @inventory @ui | H22: Each product card displays required UI elements | I22: 1. User is logged in as standard_user 2. Cart state is empty before starting 3. User is on the expected starting page | J22: N/A | K22: 1. Open inventory page 2. Inspect each product card | L22: 1. Image, name, description, price, and Add to Cart button are visible for each product | M22: Untested | P22: Later | Q22: Low
A23: SD-UI-TC-022 | B23: Inventory / Product Listing | C23: Add to Cart | D23: Positive | E23: Critical | F23: High | G23: @smoke @regression @cart @inventory | H23: Add one product from inventory | I23: 1. User is logged in as standard_user 2. Cart state is empty before starting 3. User is on the expected starting page | J23: Product: Sauce Labs Backpack | K23: 1. Click Add to Cart for Sauce Labs Backpack | L23: 1. Button changes to Remove 2. Cart badge displays 1 | M23: Pass | N23: Passed in Playwright regression run: 84/84 automated tests passed. | P23: Yes | Q23: High | R23: Automated in Playwright JavaScript using Page Object Model.
A24: SD-UI-TC-023 | B24: Inventory / Product Listing | C24: Add to Cart | D24: Positive | E24: High | F24: High | G24: @regression @cart @inventory | H24: Add multiple products from inventory | I24: 1. User is logged in as standard_user 2. Cart state is empty before starting 3. User is on the expected starting page | J24: Products: Backpack, Bike Light, Onesie | K24: 1. Click Add to Cart for three products | L24: 1. Each selected product button changes to Remove 2. Cart badge displays 3 | M24: Pass | N24: Passed in Playwright regression run: 84/84 automated tests passed. | P24: Yes | Q24: High | R24: Automated in Playwright JavaScript using Page Object Model.
A25: SD-UI-TC-024 | B25: Inventory / Product Listing | C25: Remove | D25: Positive | E25: High | F25: Medium | G25: @sanity @regression @cart @inventory | H25: Remove added product from inventory page | I25: 1. User is logged in as standard_user 2. Cart state is empty before starting 3. User is on the expected starting page | J25: Product: Sauce Labs Backpack | K25: 1. Add Backpack 2. Click Remove for Backpack | L25: 1. Button changes back to Add to Cart 2. Cart badge is cleared | M25: Pass | N25: Passed in Playwright regression run: 84/84 automated tests passed. | P25: Yes | Q25: High | R25: Automated in Playwright JavaScript using Page Object Model.
A26: SD-UI-TC-025 | B26: Inventory / Product Listing | C26: Badge | D26: Edge Case | E26: High | F26: Medium | G26: @regression @cart @inventory @edge | H26: Cart badge updates correctly when adding and removing several items | I26: 1. User is logged in as standard_user 2. Cart state is empty before starting 3. User is on the expected starting page | J26: Products: Backpack, Bike Light, Onesie | K26: 1. Add three products 2. Remove one product 3. Add another product | L26: 1. Badge count equals current selected item count after every action | M26: Pass | N26: Passed in Playwright regression run: 84/84 automated tests passed. | P26: Yes | Q26: Medium | R26: Automated in Playwright JavaScript using Page Object Model.
A27: SD-UI-TC-026 | B27: Inventory / Product Listing | C27: Sorting | D27: Positive | E27: High | F27: Medium | G27: @regression @inventory @sort | H27: Default sort order is Name A to Z | I27: 1. User is logged in as standard_user 2. Cart state is empty before starting 3. User is on the expected starting page | J27: Sort option: Name A to Z | K27: 1. Open inventory page 2. Read product names top to bottom | L27: 1. Products are ordered alphabetically A to Z by name | M27: Pass | N27: Passed in Playwright regression run: 84/84 automated tests passed. | P27: Yes | Q27: High | R27: Automated in Playwright JavaScript using Page Object Model.
A28: SD-UI-TC-027 | B28: Inventory / Product Listing | C28: Sorting | D28: Positive | E28: High | F28: Medium | G28: @regression @inventory @sort | H28: Sort products by Name Z to A | I28: 1. User is logged in as standard_user 2. Cart state is empty before starting 3. User is on the expected starting page | J28: Sort option: Name Z to A | K28: 1. Select Name Z to A from sort dropdown 2. Read product names top to bottom | L28: 1. Products are ordered alphabetically Z to A | M28: Pass | N28: Passed in Playwright regression run: 84/84 automated tests passed. | P28: Yes | Q28: High | R28: Automated in Playwright JavaScript using Page Object Model.
A29: SD-UI-TC-028 | B29: Inventory / Product Listing | C29: Sorting | D29: Positive | E29: High | F29: Medium | G29: @regression @inventory @sort | H29: Sort products by Price low to high | I29: 1. User is logged in as standard_user 2. Cart state is empty before starting 3. User is on the expected starting page | J29: Sort option: Price low to high | K29: 1. Select Price low to high 2. Read product prices top to bottom | L29: 1. Products are ordered from $7.99 to $49.99 | M29: Pass | N29: Passed in Playwright regression run: 84/84 automated tests passed. | P29: Yes | Q29: High | R29: Automated in Playwright JavaScript using Page Object Model.
A30: SD-UI-TC-029 | B30: Inventory / Product Listing | C30: Sorting | D30: Positive | E30: High | F30: Medium | G30: @regression @inventory @sort | H30: Sort products by Price high to low | I30: 1. User is logged in as standard_user 2. Cart state is empty before starting 3. User is on the expected starting page | J30: Sort option: Price high to low | K30: 1. Select Price high to low 2. Read product prices top to bottom | L30: 1. Products are ordered from $49.99 to $7.99 | M30: Pass | N30: Passed in Playwright regression run: 84/84 automated tests passed. | P30: Yes | Q30: High | R30: Automated in Playwright JavaScript using Page Object Model.
A31: SD-UI-TC-030 | B31: Inventory / Product Listing | C31: Sorting | D31: Edge Case | E31: Medium | F31: Low | G31: @regression @inventory @sort @edge | H31: Sorting does not clear already selected cart items | I31: 1. User is logged in as standard_user 2. Cart state is empty before starting 3. User is on the expected starting page | J31: Product: Backpack; Sort: Price low to high | K31: 1. Add Backpack to cart 2. Change sort order 3. Observe Backpack card and cart badge | L31: 1. Backpack remains selected 2. Remove button remains visible for selected item 3. Cart badge remains 1 | M31: Pass | N31: Passed in Playwright regression run: 84/84 automated tests passed. | P31: Yes | Q31: Medium | R31: Automated in Playwright JavaScript using Page Object Model.
A32: SD-UI-TC-031 | B32: Inventory / Product Listing | C32: Navigation | D32: Positive | E32: High | F32: Medium | G32: @regression @inventory @product-detail | H32: Click product name opens product detail page | I32: 1. User is logged in as standard_user 2. Cart state is empty before starting 3. User is on the expected starting page | J32: Product: Sauce Labs Backpack | K32: 1. Click Sauce Labs Backpack product name | L32: 1. Product detail page opens 2. Displayed product is Sauce Labs Backpack | M32: Pass | N32: Passed in Playwright regression run: 84/84 automated tests passed. | P32: Yes | Q32: Medium | R32: Automated in Playwright JavaScript using Page Object Model.
A33: SD-UI-TC-032 | B33: Inventory / Product Listing | C33: Navigation | D33: Positive | E33: Medium | F33: Low | G33: @regression @inventory @product-detail | H33: Click product image opens product detail page | I33: 1. User is logged in as standard_user 2. Cart state is empty before starting 3. User is on the expected starting page | J33: Product: Sauce Labs Bike Light | K33: 1. Click Sauce Labs Bike Light image | L33: 1. Product detail page opens 2. Displayed product is Sauce Labs Bike Light | M33: Untested | P33: Later | Q33: Low
A34: SD-UI-TC-033 | B34: Inventory / Product Listing | C34: Cart Navigation | D34: Positive | E34: High | F34: Medium | G34: @sanity @regression @cart @inventory | H34: Cart icon opens shopping cart page | I34: 1. User is logged in as standard_user 2. Cart state is empty before starting 3. User is on the expected starting page | J34: N/A | K34: 1. Click cart icon from inventory page | L34: 1. User is navigated to /cart.html 2. Your Cart title is displayed | M34: Pass | N34: Passed in Playwright regression run: 84/84 automated tests passed. | P34: Yes | Q34: High | R34: Automated in Playwright JavaScript using Page Object Model.
A35: SD-UI-TC-034 | B35: Inventory / Product Listing | C35: Access Control | D35: Negative | E35: High | F35: High | G35: @regression @inventory @security @negative | H35: Unauthenticated user cannot directly access inventory page | I35: 1. User is logged out 2. Browser session is clean | J35: URL: /inventory.html | K35: 1. Open /inventory.html directly without login | L35: 1. User is redirected to login page or blocked consistently 2. Protected content is not usable without authentication | M35: Untested | P35: Later | Q35: Medium
A36: SD-UI-TC-035 | B36: Product Detail | C36: Page Load | D36: Positive | E36: High | F36: Medium | G36: @sanity @regression @product-detail | H36: Product detail page displays selected product information | I36: 1. User is logged in as standard_user 2. Cart state is empty before starting 3. User is on the expected starting page | J36: Product: Sauce Labs Backpack | K36: 1. Open Backpack detail page from inventory 2. Inspect detail content | L36: 1. Product name, description, image, and price match inventory card | M36: Pass | N36: Passed in Playwright regression run: 84/84 automated tests passed. | P36: Yes | Q36: High | R36: Automated in Playwright JavaScript using Page Object Model.
A37: SD-UI-TC-036 | B37: Product Detail | C37: Back Navigation | D37: Positive | E37: High | F37: Medium | G37: @regression @product-detail | H37: Back to Products returns to inventory page | I37: 1. User is logged in as standard_user 2. Cart state is empty before starting 3. User is on the expected starting page | J37: N/A | K37: 1. Open any product detail page 2. Click Back to Products | L37: 1. User returns to /inventory.html 2. Products page title is displayed | M37: Pass | N37: Passed in Playwright regression run: 84/84 automated tests passed. | P37: Yes | Q37: Medium | R37: Automated in Playwright JavaScript using Page Object Model.
A38: SD-UI-TC-037 | B38: Product Detail | C38: Cart | D38: Positive | E38: High | F38: Medium | G38: @regression @product-detail @cart | H38: Add product to cart from detail page | I38: 1. User is logged in as standard_user 2. Cart state is empty before starting 3. User is on the expected starting page | J38: Product: Sauce Labs Fleece Jacket | K38: 1. Open Fleece Jacket detail page 2. Click Add to Cart | L38: 1. Button changes to Remove 2. Cart badge displays 1 | M38: Pass | N38: Passed in Playwright regression run: 84/84 automated tests passed. | P38: Yes | Q38: High | R38: Automated in Playwright JavaScript using Page Object Model.
A39: SD-UI-TC-038 | B39: Product Detail | C39: Cart | D39: Positive | E39: High | F39: Medium | G39: @regression @product-detail @cart | H39: Remove product from cart from detail page | I39: 1. User is logged in as standard_user 2. Cart state is empty before starting 3. User is on the expected starting page | J39: Product: Sauce Labs Fleece Jacket | K39: 1. Open Fleece Jacket detail page 2. Add product to cart 3. Click Remove | L39: 1. Button changes to Add to Cart 2. Cart badge is cleared | M39: Pass | N39: Passed in Playwright regression run: 84/84 automated tests passed. | P39: Yes | Q39: Medium | R39: Automated in Playwright JavaScript using Page Object Model.
A40: SD-UI-TC-039 | B40: Product Detail | C40: State | D40: Edge Case | E40: Medium | F40: Low | G40: @regression @product-detail @cart @edge | H40: Cart state is preserved between inventory and detail page | I40: 1. User is logged in as standard_user 2. Cart state is empty before starting 3. User is on the expected starting page | J40: Product: Sauce Labs Backpack | K40: 1. Add Backpack from inventory 2. Open Backpack detail page | L40: 1. Detail page shows Remove button 2. Cart badge remains 1 | M40: Pass | N40: Passed in Playwright regression run: 84/84 automated tests passed. | P40: Yes | Q40: Medium | R40: Automated in Playwright JavaScript using Page Object Model.
A41: SD-UI-TC-040 | B41: Product Detail | C41: State | D41: Edge Case | E41: Medium | F41: Low | G41: @regression @product-detail @edge | H41: Back to Products preserves selected sort order | I41: 1. User is logged in as standard_user 2. Cart state is empty before starting 3. User is on the expected starting page | J41: Sort: Price low to high | K41: 1. Apply Price low to high sort 2. Open product detail 3. Click Back to Products | L41: 1. Inventory page remains sorted by Price low to high or behaves consistently per app design | M41: Untested | P41: Later | Q41: Low
A42: SD-UI-TC-041 | B42: Product Detail | C42: Direct URL | D42: Positive | E42: Medium | F42: Low | G42: @regression @product-detail @edge | H42: Authenticated user can open valid product detail URL directly | I42: 1. User is logged in as standard_user 2. Cart state is empty before starting 3. User is on the expected starting page | J42: URL: /inventory-item.html?id=4 | K42: 1. Log in 2. Open valid product detail URL directly | L42: 1. Detail page loads 2. Correct product data is displayed | M42: Untested | P42: Later | Q42: Low
A43: SD-UI-TC-042 | B43: Product Detail | C43: Direct URL | D43: Edge Case | E43: Medium | F43: Low | G43: @regression @product-detail @edge | H43: Invalid product detail id is handled consistently | I43: 1. User is logged in as standard_user 2. Cart state is empty before starting 3. User is on the expected starting page | J43: URL: /inventory-item.html?id=999 | K43: 1. Log in 2. Open invalid product detail URL | L43: 1. Application handles invalid item id without a broken or confusing state 2. Document actual behavior | M43: Untested | P43: No | Q43: N/A
A44: SD-UI-TC-043 | B44: Product Detail | C44: Access Control | D44: Negative | E44: High | F44: High | G44: @regression @product-detail @negative | H44: Unauthenticated user cannot directly access product detail page | I44: 1. User is logged out 2. Browser session is clean | J44: URL: /inventory-item.html?id=4 | K44: 1. Open valid product detail URL without login | L44: 1. User is redirected to login page or blocked consistently | M44: Untested | P44: Later | Q44: Medium
A45: SD-UI-TC-044 | B45: Product Detail | C45: Cart Navigation | D45: Positive | E45: Medium | F45: Low | G45: @regression @product-detail @cart | H45: Cart icon opens cart from product detail page | I45: 1. User is logged in as standard_user 2. Cart state is empty before starting 3. User is on the expected starting page | J45: N/A | K45: 1. Open product detail page 2. Click cart icon | L45: 1. User is navigated to /cart.html | M45: Untested | P45: Later | Q45: Low
A46: SD-UI-TC-045 | B46: Cart | C46: Page Load | D46: Positive | E46: Critical | F46: High | G46: @smoke @regression @cart | H46: Cart page opens from cart icon | I46: 1. User is logged in as standard_user 2. Cart state is empty before starting 3. User is on the expected starting page | J46: N/A | K46: 1. Click cart icon | L46: 1. Cart page opens 2. Your Cart title is displayed | M46: Pass | N46: Passed in Playwright regression run: 84/84 automated tests passed. | P46: Yes | Q46: High | R46: Automated in Playwright JavaScript using Page Object Model.
A47: SD-UI-TC-046 | B47: Cart | C47: Empty Cart | D47: Edge Case | E47: High | F47: Medium | G47: @sanity @regression @cart @edge | H47: Cart page handles empty cart state | I47: 1. User is logged in as standard_user 2. Cart state is empty before starting 3. User is on the expected starting page | J47: N/A | K47: 1. Reset app state 2. Open cart page | L47: 1. Cart page loads without item rows 2. Continue Shopping and Checkout controls are handled consistently | M47: Untested | P47: Later | Q47: Medium
A48: SD-UI-TC-047 | B48: Cart | C48: Item Details | D48: Positive | E48: High | F48: Medium | G48: @regression @cart | H48: Single cart item shows name description price and quantity | I48: 1. User is logged in as standard_user 2. Cart state is empty before starting 3. User is on the expected starting page | J48: Product: Backpack | K48: 1. Add Backpack from inventory 2. Open cart | L48: 1. Quantity is 1 2. Name, description, and price match inventory | M48: Pass | N48: Passed in Playwright regression run: 84/84 automated tests passed. | P48: Yes | Q48: High | R48: Automated in Playwright JavaScript using Page Object Model.
A49: SD-UI-TC-048 | B49: Cart | C49: Item Details | D49: Positive | E49: High | F49: Medium | G49: @regression @cart | H49: Multiple cart items are listed separately | I49: 1. User is logged in as standard_user 2. Cart state is empty before starting 3. User is on the expected starting page | J49: Products: Backpack, Bike Light, Onesie | K49: 1. Add three products 2. Open cart | L49: 1. All selected products are listed 2. Each item shows quantity 1 and correct price | M49: Pass | N49: Passed in Playwright regression run: 84/84 automated tests passed. | P49: Yes | Q49: High | R49: Automated in Playwright JavaScript using Page Object Model.
A50: SD-UI-TC-049 | B50: Cart | C50: Remove | D50: Positive | E50: High | F50: Medium | G50: @sanity @regression @cart | H50: Remove one item from cart | I50: 1. User is logged in as standard_user 2. Cart state is empty before starting 3. User is on the expected starting page | J50: Products: Backpack, Bike Light | K50: 1. Add two products 2. Open cart 3. Remove Backpack | L50: 1. Backpack is removed 2. Bike Light remains 3. Cart badge updates to 1 | M50: Pass | N50: Passed in Playwright regression run: 84/84 automated tests passed. | P50: Yes | Q50: High | R50: Automated in Playwright JavaScript using Page Object Model.
A51: SD-UI-TC-050 | B51: Cart | C51: Remove | D51: Edge Case | E51: Medium | F51: Low | G51: @regression @cart @edge | H51: Remove all items from cart | I51: 1. User is logged in as standard_user 2. Cart state is empty before starting 3. User is on the expected starting page | J51: Products: Backpack, Bike Light | K51: 1. Add two products 2. Open cart 3. Remove all items | L51: 1. No cart items remain 2. Cart badge is cleared | M51: Pass | N51: Passed in Playwright regression run: 84/84 automated tests passed. | P51: Yes | Q51: Medium | R51: Automated in Playwright JavaScript using Page Object Model.
A52: SD-UI-TC-051 | B52: Cart | C52: Continue Shopping | D52: Positive | E52: High | F52: Medium | G52: @regression @cart | H52: Continue Shopping returns to inventory without clearing cart | I52: 1. User is logged in as standard_user 2. Cart state is empty before starting 3. User is on the expected starting page | J52: Product: Backpack | K52: 1. Add Backpack 2. Open cart 3. Click Continue Shopping | L52: 1. Inventory page opens 2. Backpack remains in cart 3. Cart badge remains 1 | M52: Pass | N52: Passed in Playwright regression run: 84/84 automated tests passed. | P52: Yes | Q52: Medium | R52: Automated in Playwright JavaScript using Page Object Model.
A53: SD-UI-TC-052 | B53: Cart | C53: Checkout Navigation | D53: Positive | E53: Critical | F53: High | G53: @smoke @regression @cart @checkout | H53: Checkout button opens checkout information page | I53: 1. User is logged in as standard_user 2. Cart state is empty before starting 3. User is on the expected starting page | J53: Product: Backpack | K53: 1. Add Backpack 2. Open cart 3. Click Checkout | L53: 1. Checkout: Your Information page opens 2. URL is /checkout-step-one.html | M53: Pass | N53: Passed in Playwright regression run: 84/84 automated tests passed. | P53: Yes | Q53: High | R53: Automated in Playwright JavaScript using Page Object Model.
A54: SD-UI-TC-053 | B54: Cart | C54: Checkout Navigation | D54: Edge Case | E54: Medium | F54: Low | G54: @regression @cart @edge | H54: Checkout from empty cart is handled consistently | I54: 1. User is logged in as standard_user 2. Cart state is empty before starting 3. User is on the expected starting page | J54: Cart: empty | K54: 1. Reset app state 2. Open cart 3. Click Checkout | L54: 1. Application behavior is consistent and documented 2. No browser error occurs | M54: Untested | P54: No | Q54: N/A
A55: SD-UI-TC-054 | B55: Cart | C55: Badge | D55: Positive | E55: High | F55: Medium | G55: @regression @cart | H55: Cart badge count matches number of cart lines | I55: 1. User is logged in as standard_user 2. Cart state is empty before starting 3. User is on the expected starting page | J55: Products: Backpack, Bike Light, Onesie | K55: 1. Add three products 2. Open cart 3. Count cart rows and badge | L55: 1. Cart row count equals badge count 2. Each item quantity is 1 | M55: Pass | N55: Passed in Playwright regression run: 84/84 automated tests passed. | P55: Yes | Q55: High | R55: Automated in Playwright JavaScript using Page Object Model.
A56: SD-UI-TC-055 | B56: Cart | C56: State | D56: Edge Case | E56: Medium | F56: Low | G56: @regression @cart @edge | H56: Cart state persists across page navigation | I56: 1. User is logged in as standard_user 2. Cart state is empty before starting 3. User is on the expected starting page | J56: Product: Backpack | K56: 1. Add Backpack 2. Navigate to detail page 3. Return to inventory 4. Open cart | L56: 1. Backpack remains in cart 2. Badge remains accurate | M56: Pass | N56: Passed in Playwright regression run: 84/84 automated tests passed. | P56: Yes | Q56: Medium | R56: Automated in Playwright JavaScript using Page Object Model.
A57: SD-UI-TC-056 | B57: Cart | C57: State | D57: Edge Case | E57: High | F57: Medium | G57: @regression @cart @navigation @edge | H57: Reset App State clears cart | I57: 1. User is logged in as standard_user 2. Cart state is empty before starting 3. User is on the expected starting page | J57: Products: Backpack, Bike Light | K57: 1. Add two products 2. Open menu 3. Click Reset App State 4. Open cart | L57: 1. Cart is empty 2. Inventory buttons reset to Add to Cart 3. Badge is cleared | M57: Pass | N57: Passed in Playwright regression run: 84/84 automated tests passed. | P57: Yes | Q57: High | R57: Automated in Playwright JavaScript using Page Object Model.
A58: SD-UI-TC-057 | B58: Cart | C58: Direct URL | D58: Positive | E58: Medium | F58: Low | G58: @regression @cart @edge | H58: Authenticated user can access cart URL directly | I58: 1. User is logged in as standard_user 2. Cart state is empty before starting 3. User is on the expected starting page | J58: URL: /cart.html | K58: 1. Log in 2. Open /cart.html directly | L58: 1. Cart page loads 2. User remains authenticated | M58: Untested | P58: Later | Q58: Low
A59: SD-UI-TC-058 | B59: Cart | C59: Access Control | D59: Negative | E59: High | F59: High | G59: @regression @cart @negative | H59: Unauthenticated user cannot directly access cart page | I59: 1. User is logged out 2. Browser session is clean | J59: URL: /cart.html | K59: 1. Open /cart.html without login | L59: 1. User is redirected to login page or blocked consistently | M59: Untested | P59: Later | Q59: Medium
A60: SD-UI-TC-059 | B60: Cart | C60: Remove | D60: Edge Case | E60: Medium | F60: Low | G60: @regression @cart @edge | H60: Remove button disappears after item is removed | I60: 1. User is logged in as standard_user 2. Cart state is empty before starting 3. User is on the expected starting page | J60: Product: Backpack | K60: 1. Add Backpack 2. Open cart 3. Click Remove 4. Observe removed row | L60: 1. Removed item row is no longer displayed 2. No duplicate remove control remains | M60: Untested | P60: Later | Q60: Low
A61: SD-UI-TC-060 | B61: Cart | C61: Item Data | D61: Positive | E61: Medium | F61: Low | G61: @regression @cart | H61: Cart item details match product detail page | I61: 1. User is logged in as standard_user 2. Cart state is empty before starting 3. User is on the expected starting page | J61: Product: Sauce Labs Bolt T-Shirt | K61: 1. Open product detail and record data 2. Add item 3. Open cart | L61: 1. Cart item name, description, and price match detail page | M61: Untested | P61: Later | Q61: Low
A62: SD-UI-TC-061 | B62: Checkout Information | C62: Page Load | D62: Positive | E62: Critical | F62: High | G62: @smoke @regression @checkout | H62: Checkout information page loads after cart checkout | I62: 1. User is logged in as standard_user 2. Cart state is empty before starting 3. User is on the expected starting page | J62: Product: Backpack | K62: 1. Add Backpack 2. Open cart 3. Click Checkout | L62: 1. Checkout: Your Information title is displayed 2. First Name, Last Name, Postal Code fields are visible | M62: Pass | N62: Passed in Playwright regression run: 84/84 automated tests passed. | P62: Yes | Q62: High | R62: Automated in Playwright JavaScript using Page Object Model.
A63: SD-UI-TC-062 | B63: Checkout Information | C63: Validation | D63: Negative | E63: Critical | F63: High | G63: @sanity @regression @checkout @negative | H63: Checkout requires first name | I63: 1. User is logged in as standard_user 2. Cart state is empty before starting 3. User is on the expected starting page | J63: First Name: blank Last Name: QA Postal Code: 15117 | K63: 1. Add item and open checkout information page 2. Leave First Name blank 3. Fill Last Name and Postal Code 4. Click Continue | L63: 1. Error: First Name is required is displayed 2. User remains on checkout information page | M63: Pass | N63: Passed in Playwright regression run: 84/84 automated tests passed. | P63: Yes | Q63: High | R63: Automated in Playwright JavaScript using Page Object Model.
A64: SD-UI-TC-063 | B64: Checkout Information | C64: Validation | D64: Negative | E64: Critical | F64: High | G64: @sanity @regression @checkout @negative | H64: Checkout requires last name | I64: 1. User is logged in as standard_user 2. Cart state is empty before starting 3. User is on the expected starting page | J64: First Name: Ade Last Name: blank Postal Code: 15117 | K64: 1. Add item and open checkout information page 2. Fill First Name 3. Leave Last Name blank 4. Fill Postal Code 5. Click Continue | L64: 1. Error: Last Name is required is displayed 2. User remains on checkout information page | M64: Pass | N64: Passed in Playwright regression run: 84/84 automated tests passed. | P64: Yes | Q64: High | R64: Automated in Playwright JavaScript using Page Object Model.
A65: SD-UI-TC-064 | B65: Checkout Information | C65: Validation | D65: Negative | E65: Critical | F65: High | G65: @sanity @regression @checkout @negative | H65: Checkout requires postal code | I65: 1. User is logged in as standard_user 2. Cart state is empty before starting 3. User is on the expected starting page | J65: First Name: Ade Last Name: QA Postal Code: blank | K65: 1. Add item and open checkout information page 2. Fill First Name and Last Name 3. Leave Postal Code blank 4. Click Continue | L65: 1. Error: Postal Code is required is displayed 2. User remains on checkout information page | M65: Pass | N65: Passed in Playwright regression run: 84/84 automated tests passed. | P65: Yes | Q65: High | R65: Automated in Playwright JavaScript using Page Object Model.
A66: SD-UI-TC-065 | B66: Checkout Information | C66: Validation | D66: Negative | E66: High | F66: Medium | G66: @regression @checkout @negative | H66: Checkout with all fields empty shows first required-field error | I66: 1. User is logged in as standard_user 2. Cart state is empty before starting 3. User is on the expected starting page | J66: All fields: blank | K66: 1. Add item and open checkout information page 2. Leave all fields empty 3. Click Continue | L66: 1. First Name required error is displayed first 2. User remains on checkout information page | M66: Pass | N66: Passed in Playwright regression run: 84/84 automated tests passed. | P66: Yes | Q66: Medium | R66: Automated in Playwright JavaScript using Page Object Model.
A67: SD-UI-TC-066 | B67: Checkout Information | C67: Validation | D67: Positive | E67: Critical | F67: High | G67: @smoke @regression @checkout | H67: Valid checkout information proceeds to overview | I67: 1. User is logged in as standard_user 2. Cart state is empty before starting 3. User is on the expected starting page | J67: Username: standard_user Password: secret_sauce First Name: Ade Last Name: QA Postal Code: 15117 | K67: 1. Add item and open checkout information page 2. Fill First Name, Last Name, and Postal Code 3. Click Continue | L67: 1. Checkout overview page opens 2. URL is /checkout-step-two.html | M67: Pass | N67: Passed in Playwright regression run: 84/84 automated tests passed. | P67: Yes | Q67: High | R67: Automated in Playwright JavaScript using Page Object Model.
A68: SD-UI-TC-067 | B68: Checkout Information | C68: Validation | D68: Edge Case | E68: Medium | F68: Low | G68: @regression @checkout @edge | H68: Checkout accepts numeric name values according to demo limitation | I68: 1. User is logged in as standard_user 2. Cart state is empty before starting 3. User is on the expected starting page | J68: First Name: 123 Last Name: 456 Postal Code: 789 | K68: 1. Add item and open checkout information page 2. Fill numeric values 3. Click Continue | L68: 1. Form proceeds because fields are non-empty 2. Actual limitation is documented | M68: Untested | P68: No | Q68: N/A
A69: SD-UI-TC-068 | B69: Checkout Information | C69: Validation | D69: Edge Case | E69: Medium | F69: Low | G69: @regression @checkout @edge | H69: Checkout accepts special characters according to demo limitation | I69: 1. User is logged in as standard_user 2. Cart state is empty before starting 3. User is on the expected starting page | J69: First Name: @@@ Last Name: ### Postal Code: $$$ | K69: 1. Add item and open checkout information page 2. Fill special characters 3. Click Continue | L69: 1. Form proceeds because fields are non-empty 2. Actual limitation is documented | M69: Untested | P69: No | Q69: N/A
A70: SD-UI-TC-069 | B70: Checkout Information | C70: Validation | D70: Edge Case | E70: Medium | F70: Low | G70: @regression @checkout @edge | H70: Checkout accepts very long text values without page crash | I70: 1. User is logged in as standard_user 2. Cart state is empty before starting 3. User is on the expected starting page | J70: First Name/Last Name/Postal Code: 100 characters each | K70: 1. Add item and open checkout information page 2. Fill long text values 3. Click Continue | L70: 1. Application remains stable 2. Either proceeds or displays consistent handling | M70: Untested | P70: No | Q70: N/A
A71: SD-UI-TC-070 | B71: Checkout Information | C71: Navigation | D71: Positive | E71: High | F71: Medium | G71: @sanity @regression @checkout | H71: Cancel from checkout information returns to cart | I71: 1. User is logged in as standard_user 2. Cart state is empty before starting 3. User is on the expected starting page | J71: Product: Backpack | K71: 1. Add Backpack 2. Open checkout information page 3. Click Cancel | L71: 1. User returns to /cart.html 2. Cart item remains present | M71: Pass | N71: Passed in Playwright regression run: 84/84 automated tests passed. | P71: Yes | Q71: High | R71: Automated in Playwright JavaScript using Page Object Model.
A72: SD-UI-TC-071 | B72: Checkout Information | C72: State | D72: Edge Case | E72: Medium | F72: Low | G72: @regression @checkout @edge | H72: Checkout information form retains or clears values consistently after validation error | I72: 1. User is logged in as standard_user 2. Cart state is empty before starting 3. User is on the expected starting page | J72: First Name: Ade Last Name: blank Postal Code: 15117 | K72: 1. Trigger validation error with missing Last Name 2. Observe First Name and Postal Code values | L72: 1. Previously entered values are retained or cleared consistently 2. Actual behavior is documented | M72: Untested | P72: No | Q72: N/A
A73: SD-UI-TC-072 | B73: Checkout Information | C73: UI | D73: UI Validation | E73: Medium | F73: Low | G73: @regression @checkout @ui | H73: Checkout information page displays expected field placeholders | I73: 1. User is logged in as standard_user 2. Cart state is empty before starting 3. User is on the expected starting page | J73: N/A | K73: 1. Open checkout information page 2. Inspect field placeholders and buttons | L73: 1. First Name, Last Name, Postal Code placeholders are visible 2. Cancel and Continue buttons are visible | M73: Untested | P73: Later | Q73: Low
A74: SD-UI-TC-073 | B74: Checkout Information | C74: Access Control | D74: Negative | E74: High | F74: High | G74: @regression @checkout @negative | H74: Unauthenticated user cannot directly access checkout information page | I74: 1. User is logged out 2. Browser session is clean | J74: URL: /checkout-step-one.html | K74: 1. Open /checkout-step-one.html without login | L74: 1. User is redirected to login page or blocked consistently | M74: Untested | P74: Later | Q74: Medium
A75: SD-UI-TC-074 | B75: Checkout Information | C75: State | D75: Edge Case | E75: Medium | F75: Low | G75: @regression @checkout @edge | H75: Checkout information page remains usable after browser refresh | I75: 1. User is logged in as standard_user 2. Cart state is empty before starting 3. User is on the expected starting page | J75: Product: Backpack | K75: 1. Add item and open checkout information page 2. Refresh browser 3. Fill valid data and continue | L75: 1. Checkout information page reloads consistently 2. Valid data can still proceed to overview | M75: Untested | P75: Later | Q75: Low
A76: SD-UI-TC-075 | B76: Checkout Overview | C76: Page Load | D76: Positive | E76: Critical | F76: High | G76: @smoke @regression @checkout | H76: Checkout overview loads after valid information | I76: 1. User is logged in as standard_user 2. Cart state is empty before starting 3. User is on the expected starting page | J76: Username: standard_user Password: secret_sauce First Name: Ade Last Name: QA Postal Code: 15117 | K76: 1. Add Backpack 2. Complete checkout information 3. Observe overview page | L76: 1. Checkout: Overview title is displayed 2. Cart item appears in overview | M76: Pass | N76: Passed in Playwright regression run: 84/84 automated tests passed. | P76: Yes | Q76: High | R76: Automated in Playwright JavaScript using Page Object Model.
A77: SD-UI-TC-076 | B77: Checkout Overview | C77: Item Validation | D77: Positive | E77: Critical | F77: High | G77: @regression @checkout | H77: Overview displays correct single item details | I77: 1. User is logged in as standard_user 2. Cart state is empty before starting 3. User is on the expected starting page | J77: Product: Backpack | K77: 1. Add Backpack 2. Proceed to overview 3. Inspect item details | L77: 1. Item name, description, quantity, and price match cart | M77: Pass | N77: Passed in Playwright regression run: 84/84 automated tests passed. | P77: Yes | Q77: High | R77: Automated in Playwright JavaScript using Page Object Model.
A78: SD-UI-TC-077 | B78: Checkout Overview | C78: Item Validation | D78: Positive | E78: High | F78: High | G78: @regression @checkout | H78: Overview displays all selected multiple items | I78: 1. User is logged in as standard_user 2. Cart state is empty before starting 3. User is on the expected starting page | J78: Products: Backpack, Bike Light, Onesie | K78: 1. Add three products 2. Proceed to overview 3. Inspect item list | L78: 1. All selected products appear in overview 2. Each product price is correct | M78: Pass | N78: Passed in Playwright regression run: 84/84 automated tests passed. | P78: Yes | Q78: High | R78: Automated in Playwright JavaScript using Page Object Model.
A79: SD-UI-TC-078 | B79: Checkout Overview | C79: Totals | D79: Positive | E79: Critical | F79: High | G79: @regression @checkout @price | H79: Item total equals sum of selected product prices | I79: 1. User is logged in as standard_user 2. Cart state is empty before starting 3. User is on the expected starting page | J79: Products: Backpack $29.99 + Bike Light $9.99 | K79: 1. Add Backpack and Bike Light 2. Proceed to overview 3. Review Item total | L79: 1. Item total equals $39.98 before tax | M79: Pass | N79: Passed in Playwright regression run: 84/84 automated tests passed. | P79: Yes | Q79: High | R79: Automated in Playwright JavaScript using Page Object Model.
A80: SD-UI-TC-079 | B80: Checkout Overview | C80: Totals | D80: Positive | E80: Critical | F80: High | G80: @regression @checkout @price | H80: Tax value is displayed and non-negative | I80: 1. User is logged in as standard_user 2. Cart state is empty before starting 3. User is on the expected starting page | J80: Any valid cart item | K80: 1. Add item 2. Proceed to overview 3. Review Tax line | L80: 1. Tax line is visible 2. Tax amount is numeric and non-negative | M80: Pass | N80: Passed in Playwright regression run: 84/84 automated tests passed. | P80: Yes | Q80: Medium | R80: Automated in Playwright JavaScript using Page Object Model.
A81: SD-UI-TC-080 | B81: Checkout Overview | C81: Totals | D81: Positive | E81: Critical | F81: High | G81: @regression @checkout @price | H81: Total equals item total plus tax | I81: 1. User is logged in as standard_user 2. Cart state is empty before starting 3. User is on the expected starting page | J81: Products: multiple products | K81: 1. Add multiple products 2. Proceed to overview 3. Compare Item total, Tax, and Total | L81: 1. Total equals Item total + Tax 2. Displayed values use USD format | M81: Pass | N81: Passed in Playwright regression run: 84/84 automated tests passed. | P81: Yes | Q81: High | R81: Automated in Playwright JavaScript using Page Object Model.
A82: SD-UI-TC-081 | B82: Checkout Overview | C82: Payment | D82: UI Validation | E82: High | F82: Medium | G82: @sanity @regression @checkout | H82: Overview displays expected payment information | I82: 1. User is logged in as standard_user 2. Cart state is empty before starting 3. User is on the expected starting page | J82: Expected payment: SauceCard #31337 | K82: 1. Proceed to overview 2. Inspect Payment Information section | L82: 1. Payment Information displays SauceCard #31337 | M82: Pass | N82: Passed in Playwright regression run: 84/84 automated tests passed. | P82: Yes | Q82: Medium | R82: Automated in Playwright JavaScript using Page Object Model.
A83: SD-UI-TC-082 | B83: Checkout Overview | C83: Shipping | D83: UI Validation | E83: High | F83: Medium | G83: @sanity @regression @checkout | H83: Overview displays expected shipping information | I83: 1. User is logged in as standard_user 2. Cart state is empty before starting 3. User is on the expected starting page | J83: Expected shipping: Free Pony Express Delivery! | K83: 1. Proceed to overview 2. Inspect Shipping Information section | L83: 1. Shipping Information displays Free Pony Express Delivery! | M83: Pass | N83: Passed in Playwright regression run: 84/84 automated tests passed. | P83: Yes | Q83: Medium | R83: Automated in Playwright JavaScript using Page Object Model.
A84: SD-UI-TC-083 | B84: Checkout Overview | C84: Navigation | D84: Positive | E84: High | F84: Medium | G84: @sanity @regression @checkout | H84: Cancel from overview returns to inventory page | I84: 1. User is logged in as standard_user 2. Cart state is empty before starting 3. User is on the expected starting page | J84: Product: Backpack | K84: 1. Proceed to overview 2. Click Cancel | L84: 1. User is returned to /inventory.html 2. Cart state behavior is documented | M84: Pass | N84: Passed in Playwright regression run: 84/84 automated tests passed. | P84: Yes | Q84: Medium | R84: Automated in Playwright JavaScript using Page Object Model.
A85: SD-UI-TC-084 | B85: Checkout Overview | C85: Completion | D85: Positive | E85: Critical | F85: High | G85: @smoke @regression @checkout | H85: Finish button completes order | I85: 1. User is logged in as standard_user 2. Cart state is empty before starting 3. User is on the expected starting page | J85: Product: Backpack | K85: 1. Proceed to overview 2. Click Finish | L85: 1. Order confirmation page opens 2. Thank you message is displayed | M85: Pass | N85: Passed in Playwright regression run: 84/84 automated tests passed. | P85: Yes | Q85: High | R85: Automated in Playwright JavaScript using Page Object Model.
A86: SD-UI-TC-085 | B86: Checkout Overview | C86: Access Control | D86: Negative | E86: High | F86: High | G86: @regression @checkout @negative | H86: Unauthenticated user cannot directly access checkout overview | I86: 1. User is logged out 2. Browser session is clean | J86: URL: /checkout-step-two.html | K86: 1. Open /checkout-step-two.html without login | L86: 1. User is redirected to login page or blocked consistently | M86: Untested | P86: Later | Q86: Medium
A87: SD-UI-TC-086 | B87: Checkout Overview | C87: State | D87: Edge Case | E87: Medium | F87: Low | G87: @regression @checkout @edge | H87: Overview behavior after cart reset is handled consistently | I87: 1. User is logged in as standard_user 2. Cart state is empty before starting 3. User is on the expected starting page | J87: Product: Backpack | K87: 1. Add Backpack 2. Proceed to overview 3. Open menu 4. Click Reset App State if available 5. Observe overview or navigate back to cart | L87: 1. Application handles cleared cart state consistently 2. No browser error occurs | M87: Untested | P87: No | Q87: N/A
A88: SD-UI-TC-087 | B88: Checkout Complete | C88: Confirmation | D88: Positive | E88: Critical | F88: High | G88: @smoke @regression @checkout @e2e | H88: Order confirmation displays success message | I88: 1. User is logged in as standard_user 2. Cart state is empty before starting 3. User is on the expected starting page | J88: Product: Backpack | K88: 1. Complete checkout flow 2. Observe confirmation page | L88: 1. Checkout: Complete! title is displayed 2. Thank you for your order! message is displayed | M88: Pass | N88: Passed in Playwright regression run: 84/84 automated tests passed. | P88: Yes | Q88: High | R88: Automated in Playwright JavaScript using Page Object Model.
A89: SD-UI-TC-088 | B89: Checkout Complete | C89: Confirmation | D89: UI Validation | E89: High | F89: Medium | G89: @regression @checkout @ui | H89: Order confirmation displays dispatch message and success icon | I89: 1. User is logged in as standard_user 2. Cart state is empty before starting 3. User is on the expected starting page | J89: Product: Backpack | K89: 1. Complete checkout flow 2. Inspect confirmation page | L89: 1. Success icon is visible 2. Dispatch sub-message is displayed | M89: Untested | P89: Later | Q89: Low
A90: SD-UI-TC-089 | B90: Checkout Complete | C90: Navigation | D90: Positive | E90: High | F90: Medium | G90: @sanity @regression @checkout | H90: Back Home returns to inventory page | I90: 1. User is logged in as standard_user 2. Cart state is empty before starting 3. User is on the expected starting page | J90: Product: Backpack | K90: 1. Complete checkout flow 2. Click Back Home | L90: 1. User returns to /inventory.html 2. Products page is displayed | M90: Pass | N90: Passed in Playwright regression run: 84/84 automated tests passed. | P90: Yes | Q90: High | R90: Automated in Playwright JavaScript using Page Object Model.
A91: SD-UI-TC-090 | B91: Checkout Complete | C91: State | D91: Positive | E91: High | F91: Medium | G91: @regression @checkout @cart | H91: Cart is cleared after Back Home from confirmation | I91: 1. User is logged in as standard_user 2. Cart state is empty before starting 3. User is on the expected starting page | J91: Product: Backpack | K91: 1. Complete checkout flow 2. Click Back Home 3. Open cart | L91: 1. Cart is empty 2. Cart badge is not displayed | M91: Pass | N91: Passed in Playwright regression run: 84/84 automated tests passed. | P91: Yes | Q91: High | R91: Automated in Playwright JavaScript using Page Object Model.
A92: SD-UI-TC-091 | B92: Checkout Complete | C92: Direct URL | D92: Edge Case | E92: Medium | F92: Low | G92: @regression @checkout @edge | H92: Authenticated user direct access to confirmation page is handled consistently | I92: 1. User is logged in as standard_user 2. Cart state is empty before starting 3. User is on the expected starting page | J92: URL: /checkout-complete.html | K92: 1. Log in 2. Open confirmation URL directly | L92: 1. Application handles direct access consistently 2. Document actual behavior | M92: Untested | P92: No | Q92: N/A
A93: SD-UI-TC-092 | B93: Checkout Complete | C93: Access Control | D93: Negative | E93: High | F93: High | G93: @regression @checkout @negative | H93: Unauthenticated user cannot directly access confirmation page | I93: 1. User is logged out 2. Browser session is clean | J93: URL: /checkout-complete.html | K93: 1. Open /checkout-complete.html without login | L93: 1. User is redirected to login page or blocked consistently | M93: Untested | P93: Later | Q93: Medium
A94: SD-UI-TC-093 | B94: Checkout Complete | C94: Browser Navigation | D94: Edge Case | E94: Medium | F94: Low | G94: @regression @checkout @edge | H94: Browser back after order confirmation is handled consistently | I94: 1. User is logged in as standard_user 2. Cart state is empty before starting 3. User is on the expected starting page | J94: Product: Backpack | K94: 1. Complete checkout flow 2. Use browser Back button 3. Observe resulting page state | L94: 1. Application handles back navigation consistently 2. No duplicate confirmation side effects are observed | M94: Untested | P94: No | Q94: N/A
A95: SD-UI-TC-094 | B95: Navigation Menu | C95: Drawer | D95: Positive | E95: High | F95: Medium | G95: @sanity @regression @navigation | H95: Hamburger menu opens navigation drawer | I95: 1. User is logged in as standard_user 2. Cart state is empty before starting 3. User is on the expected starting page | J95: N/A | K95: 1. Click hamburger menu | L95: 1. Navigation drawer opens 2. Menu items are visible | M95: Pass | N95: Passed in Playwright regression run: 84/84 automated tests passed. | P95: Yes | Q95: Medium | R95: Automated in Playwright JavaScript using Page Object Model.
A96: SD-UI-TC-095 | B96: Navigation Menu | C96: Drawer | D96: Positive | E96: Medium | F96: Low | G96: @regression @navigation | H96: Close button hides navigation drawer | I96: 1. User is logged in as standard_user 2. Cart state is empty before starting 3. User is on the expected starting page | J96: N/A | K96: 1. Open hamburger menu 2. Click close button | L96: 1. Navigation drawer closes 2. Current page remains unchanged | M96: Pass | N96: Passed in Playwright regression run: 84/84 automated tests passed. | P96: Yes | Q96: Low | R96: Automated in Playwright JavaScript using Page Object Model.
A97: SD-UI-TC-096 | B97: Navigation Menu | C97: All Items | D97: Positive | E97: High | F97: Medium | G97: @regression @navigation | H97: All Items navigates to inventory page | I97: 1. User is logged in as standard_user 2. Cart state is empty before starting 3. User is on the expected starting page | J97: Start page: cart or checkout | K97: 1. Open cart page 2. Open menu 3. Click All Items | L97: 1. User is navigated to /inventory.html | M97: Pass | N97: Passed in Playwright regression run: 84/84 automated tests passed. | P97: Yes | Q97: Medium | R97: Automated in Playwright JavaScript using Page Object Model.
A98: SD-UI-TC-097 | B98: Navigation Menu | C98: About | D98: Positive | E98: Medium | F98: Low | G98: @regression @navigation | H98: About menu item opens Sauce Labs site | I98: 1. User is logged in as standard_user 2. Cart state is empty before starting 3. User is on the expected starting page | J98: Expected URL: https://saucelabs.com/ | K98: 1. Open menu 2. Click About | L98: 1. Browser navigates to Sauce Labs website in current tab | M98: Untested | P98: No | Q98: N/A
A99: SD-UI-TC-098 | B99: Navigation Menu | C99: Logout | D99: Positive | E99: Critical | F99: High | G99: @smoke @regression @navigation @login | H99: Logout returns user to login page | I99: 1. User is logged in as standard_user 2. Cart state is empty before starting 3. User is on the expected starting page | J99: N/A | K99: 1. Open menu 2. Click Logout | L99: 1. User is redirected to login page 2. Login form is visible | M99: Pass | N99: Passed in Playwright regression run: 84/84 automated tests passed. | P99: Yes | Q99: High | R99: Automated in Playwright JavaScript using Page Object Model.
A100: SD-UI-TC-099 | B100: Navigation Menu | C100: Logout | D100: Negative | E100: High | F100: High | G100: @regression @navigation @negative | H100: Protected page is not accessible after logout | I100: 1. User is logged in as standard_user 2. Cart state is empty before starting 3. User is on the expected starting page | J100: URL: /inventory.html | K100: 1. Log out 2. Attempt to open /inventory.html directly | L100: 1. User is redirected to login page or blocked consistently | M100: Pass | N100: Passed in Playwright regression run: 84/84 automated tests passed. | P100: Yes | Q100: Medium | R100: Automated in Playwright JavaScript using Page Object Model.
...

Sheet Coverage Matrix
A1: SauceDemo UI Manual Test Coverage Matrix
A2: Coverage summary by module and scenario type. Counts are formula-driven from the Test Cases sheet.
A4: Module | B4: Total | C4: Positive | D4: Negative | E4: Edge Case | F4: UI Validation | G4: E2E | H4: Known Bug
A5: Login | B5: =COUNTIF('Test Cases'!$B$2:$B$137,A5) -> 16 | C5: =COUNTIFS('Test Cases'!$B$2:$B$137,$A5,'Test Cases'!$D$2:$D$137,C$4) -> 6 | D5: =COUNTIFS('Test Cases'!$B$2:$B$137,$A5,'Test Cases'!$D$2:$D$137,D$4) -> 5 | E5: =COUNTIFS('Test Cases'!$B$2:$B$137,$A5,'Test Cases'!$D$2:$D$137,E$4) -> 3 | F5: =COUNTIFS('Test Cases'!$B$2:$B$137,$A5,'Test Cases'!$D$2:$D$137,F$4) -> 2 | G5: =COUNTIFS('Test Cases'!$B$2:$B$137,$A5,'Test Cases'!$D$2:$D$137,G$4) -> 0 | H5: =COUNTIFS('Test Cases'!$B$2:$B$137,$A5,'Test Cases'!$D$2:$D$137,H$4) -> 0
A6: Inventory / Product Listing | B6: =COUNTIF('Test Cases'!$B$2:$B$137,A6) -> 18 | C6: =COUNTIFS('Test Cases'!$B$2:$B$137,$A6,'Test Cases'!$D$2:$D$137,C$4) -> 14 | D6: =COUNTIFS('Test Cases'!$B$2:$B$137,$A6,'Test Cases'!$D$2:$D$137,D$4) -> 1 | E6: =COUNTIFS('Test Cases'!$B$2:$B$137,$A6,'Test Cases'!$D$2:$D$137,E$4) -> 2 | F6: =COUNTIFS('Test Cases'!$B$2:$B$137,$A6,'Test Cases'!$D$2:$D$137,F$4) -> 1 | G6: =COUNTIFS('Test Cases'!$B$2:$B$137,$A6,'Test Cases'!$D$2:$D$137,G$4) -> 0 | H6: =COUNTIFS('Test Cases'!$B$2:$B$137,$A6,'Test Cases'!$D$2:$D$137,H$4) -> 0
A7: Product Detail | B7: =COUNTIF('Test Cases'!$B$2:$B$137,A7) -> 10 | C7: =COUNTIFS('Test Cases'!$B$2:$B$137,$A7,'Test Cases'!$D$2:$D$137,C$4) -> 6 | D7: =COUNTIFS('Test Cases'!$B$2:$B$137,$A7,'Test Cases'!$D$2:$D$137,D$4) -> 1 | E7: =COUNTIFS('Test Cases'!$B$2:$B$137,$A7,'Test Cases'!$D$2:$D$137,E$4) -> 3 | F7: =COUNTIFS('Test Cases'!$B$2:$B$137,$A7,'Test Cases'!$D$2:$D$137,F$4) -> 0 | G7: =COUNTIFS('Test Cases'!$B$2:$B$137,$A7,'Test Cases'!$D$2:$D$137,G$4) -> 0 | H7: =COUNTIFS('Test Cases'!$B$2:$B$137,$A7,'Test Cases'!$D$2:$D$137,H$4) -> 0
A8: Cart | B8: =COUNTIF('Test Cases'!$B$2:$B$137,A8) -> 16 | C8: =COUNTIFS('Test Cases'!$B$2:$B$137,$A8,'Test Cases'!$D$2:$D$137,C$4) -> 9 | D8: =COUNTIFS('Test Cases'!$B$2:$B$137,$A8,'Test Cases'!$D$2:$D$137,D$4) -> 1 | E8: =COUNTIFS('Test Cases'!$B$2:$B$137,$A8,'Test Cases'!$D$2:$D$137,E$4) -> 6 | F8: =COUNTIFS('Test Cases'!$B$2:$B$137,$A8,'Test Cases'!$D$2:$D$137,F$4) -> 0 | G8: =COUNTIFS('Test Cases'!$B$2:$B$137,$A8,'Test Cases'!$D$2:$D$137,G$4) -> 0 | H8: =COUNTIFS('Test Cases'!$B$2:$B$137,$A8,'Test Cases'!$D$2:$D$137,H$4) -> 0
A9: Checkout Information | B9: =COUNTIF('Test Cases'!$B$2:$B$137,A9) -> 14 | C9: =COUNTIFS('Test Cases'!$B$2:$B$137,$A9,'Test Cases'!$D$2:$D$137,C$4) -> 3 | D9: =COUNTIFS('Test Cases'!$B$2:$B$137,$A9,'Test Cases'!$D$2:$D$137,D$4) -> 5 | E9: =COUNTIFS('Test Cases'!$B$2:$B$137,$A9,'Test Cases'!$D$2:$D$137,E$4) -> 5 | F9: =COUNTIFS('Test Cases'!$B$2:$B$137,$A9,'Test Cases'!$D$2:$D$137,F$4) -> 1 | G9: =COUNTIFS('Test Cases'!$B$2:$B$137,$A9,'Test Cases'!$D$2:$D$137,G$4) -> 0 | H9: =COUNTIFS('Test Cases'!$B$2:$B$137,$A9,'Test Cases'!$D$2:$D$137,H$4) -> 0
A10: Checkout Overview | B10: =COUNTIF('Test Cases'!$B$2:$B$137,A10) -> 12 | C10: =COUNTIFS('Test Cases'!$B$2:$B$137,$A10,'Test Cases'!$D$2:$D$137,C$4) -> 8 | D10: =COUNTIFS('Test Cases'!$B$2:$B$137,$A10,'Test Cases'!$D$2:$D$137,D$4) -> 1 | E10: =COUNTIFS('Test Cases'!$B$2:$B$137,$A10,'Test Cases'!$D$2:$D$137,E$4) -> 1 | F10: =COUNTIFS('Test Cases'!$B$2:$B$137,$A10,'Test Cases'!$D$2:$D$137,F$4) -> 2 | G10: =COUNTIFS('Test Cases'!$B$2:$B$137,$A10,'Test Cases'!$D$2:$D$137,G$4) -> 0 | H10: =COUNTIFS('Test Cases'!$B$2:$B$137,$A10,'Test Cases'!$D$2:$D$137,H$4) -> 0
A11: Checkout Complete | B11: =COUNTIF('Test Cases'!$B$2:$B$137,A11) -> 7 | C11: =COUNTIFS('Test Cases'!$B$2:$B$137,$A11,'Test Cases'!$D$2:$D$137,C$4) -> 3 | D11: =COUNTIFS('Test Cases'!$B$2:$B$137,$A11,'Test Cases'!$D$2:$D$137,D$4) -> 1 | E11: =COUNTIFS('Test Cases'!$B$2:$B$137,$A11,'Test Cases'!$D$2:$D$137,E$4) -> 2 | F11: =COUNTIFS('Test Cases'!$B$2:$B$137,$A11,'Test Cases'!$D$2:$D$137,F$4) -> 1 | G11: =COUNTIFS('Test Cases'!$B$2:$B$137,$A11,'Test Cases'!$D$2:$D$137,G$4) -> 0 | H11: =COUNTIFS('Test Cases'!$B$2:$B$137,$A11,'Test Cases'!$D$2:$D$137,H$4) -> 0
A12: Navigation Menu | B12: =COUNTIF('Test Cases'!$B$2:$B$137,A12) -> 9 | C12: =COUNTIFS('Test Cases'!$B$2:$B$137,$A12,'Test Cases'!$D$2:$D$137,C$4) -> 6 | D12: =COUNTIFS('Test Cases'!$B$2:$B$137,$A12,'Test Cases'!$D$2:$D$137,D$4) -> 1 | E12: =COUNTIFS('Test Cases'!$B$2:$B$137,$A12,'Test Cases'!$D$2:$D$137,E$4) -> 1 | F12: =COUNTIFS('Test Cases'!$B$2:$B$137,$A12,'Test Cases'!$D$2:$D$137,F$4) -> 1 | G12: =COUNTIFS('Test Cases'!$B$2:$B$137,$A12,'Test Cases'!$D$2:$D$137,G$4) -> 0 | H12: =COUNTIFS('Test Cases'!$B$2:$B$137,$A12,'Test Cases'!$D$2:$D$137,H$4) -> 0
A13: User Types / Known Behaviors | B13: =COUNTIF('Test Cases'!$B$2:$B$137,A13) -> 14 | C13: =COUNTIFS('Test Cases'!$B$2:$B$137,$A13,'Test Cases'!$D$2:$D$137,C$4) -> 1 | D13: =COUNTIFS('Test Cases'!$B$2:$B$137,$A13,'Test Cases'!$D$2:$D$137,D$4) -> 1 | E13: =COUNTIFS('Test Cases'!$B$2:$B$137,$A13,'Test Cases'!$D$2:$D$137,E$4) -> 2 | F13: =COUNTIFS('Test Cases'!$B$2:$B$137,$A13,'Test Cases'!$D$2:$D$137,F$4) -> 1 | G13: =COUNTIFS('Test Cases'!$B$2:$B$137,$A13,'Test Cases'!$D$2:$D$137,G$4) -> 1 | H13: =COUNTIFS('Test Cases'!$B$2:$B$137,$A13,'Test Cases'!$D$2:$D$137,H$4) -> 8
A14: End-to-End Order Flow | B14: =COUNTIF('Test Cases'!$B$2:$B$137,A14) -> 20 | C14: =COUNTIFS('Test Cases'!$B$2:$B$137,$A14,'Test Cases'!$D$2:$D$137,C$4) -> 0 | D14: =COUNTIFS('Test Cases'!$B$2:$B$137,$A14,'Test Cases'!$D$2:$D$137,D$4) -> 0 | E14: =COUNTIFS('Test Cases'!$B$2:$B$137,$A14,'Test Cases'!$D$2:$D$137,E$4) -> 0 | F14: =COUNTIFS('Test Cases'!$B$2:$B$137,$A14,'Test Cases'!$D$2:$D$137,F$4) -> 0 | G14: =COUNTIFS('Test Cases'!$B$2:$B$137,$A14,'Test Cases'!$D$2:$D$137,G$4) -> 20 | H14: =COUNTIFS('Test Cases'!$B$2:$B$137,$A14,'Test Cases'!$D$2:$D$137,H$4) -> 0
A15: TOTAL | B15: =SUM(B5:B14) -> 136 | C15: =SUM(C5:C14) -> 56 | D15: =SUM(D5:D14) -> 17 | E15: =SUM(E5:E14) -> 25 | F15: =SUM(F5:F14) -> 9 | G15: =SUM(G5:G14) -> 21 | H15: =SUM(H5:H14) -> 8

Sheet Testing Progress
A1: SauceDemo Manual Testing Progress
A2: Update Execution Status in the Test Cases sheet. This dashboard recalculates the progress numbers automatically.
A4: Metric | B4: Value | D4: Status | E4: Count | F4: Share | G4: Execution Meaning | H4: Next Action
A5: Total Test Cases | B5: =COUNTA('Test Cases'!$A$2:$A$137) -> 136 | D5: Untested | E5: =COUNTIF('Test Cases'!$M$2:$M$137,D5) -> 52 | F5: =IF($B$5=0,0,E5/$B$5) -> 0.38235294 | G5: Not executed yet | H5: Execute or assign
A6: Untested | B6: =COUNTIF('Test Cases'!$M$2:$M$137,"Untested") -> 52 | D6: Pass | E6: =COUNTIF('Test Cases'!$M$2:$M$137,D6) -> 84 | F6: =IF($B$5=0,0,E6/$B$5) -> 0.61764706 | G6: Validated behavior | H6: Keep evidence
A7: Passed | B7: =COUNTIF('Test Cases'!$M$2:$M$137,"Pass") -> 84 | D7: Fail | E7: =COUNTIF('Test Cases'!$M$2:$M$137,D7) -> 0 | F7: =IF($B$5=0,0,E7/$B$5) -> 0 | G7: Defect candidate | H7: Add defect ID and notes
A8: Failed | B8: =COUNTIF('Test Cases'!$M$2:$M$137,"Fail") -> 0 | D8: Blocked | E8: =COUNTIF('Test Cases'!$M$2:$M$137,D8) -> 0 | F8: =IF($B$5=0,0,E8/$B$5) -> 0 | G8: Cannot execute | H8: Clarify blocker
A9: Blocked | B9: =COUNTIF('Test Cases'!$M$2:$M$137,"Blocked") -> 0 | D9: Skipped | E9: =COUNTIF('Test Cases'!$M$2:$M$137,D9) -> 0 | F9: =IF($B$5=0,0,E9/$B$5) -> 0 | G9: Out of current scope | H9: Revisit if needed
A10: Skipped | B10: =COUNTIF('Test Cases'!$M$2:$M$137,"Skipped") -> 0
A11: Executed | B11: =SUM(B7:B10) -> 84
A12: Completion Rate | B12: =IF(B5=0,0,B11/B5) -> 0.61764706
